{
  "mse": 1.9822064056939501,
  "accuracy": 0.45907473309608543,
  "sharpe": 0.5853550970117465,
  "deflated_sharpe": 0.532516064072451,
  "pbo": 0.8,
  "net_return": 8.097989204898514,
  "max_drawdown": 2.014127363666087
}