{
  "mse": 1.5300970873786408,
  "accuracy": 0.48640776699029126,
  "sharpe": 0.6704503354086172,
  "deflated_sharpe": 0.6099298965542055,
  "pbo": 0.2666666666666667,
  "net_return": 2.8765469191655035,
  "max_drawdown": 1.4508539485257403
}
